book,character
Baptism of Fire ,Adalia
Baptism of Fire ,Adela
Baptism of Fire ,Aen Saevherne
Baptism of Fire ,Aevenien
Baptism of Fire ,Aglaïs
Baptism of Fire ,Albrich
Baptism of Fire ,Amavet
Baptism of Fire ,Angus Bri Cri
Baptism of Fire ,Anna Kameny
Baptism of Fire ,Anzelm Aubry
Baptism of Fire ,Artaud Terranova
Baptism of Fire ,Asse
Baptism of Fire ,Assire var Anahid
Baptism of Fire ,Aubry (first born)
Baptism of Fire ,Augusta Wagner
Baptism of Fire ,Baron of Casadei
Baptism of Fire ,Beatrix of Kovir
Baptism of Fire ,Bronik
Baptism of Fire ,Brouver Hoog
Baptism of Fire ,Cahir Mawr Dyffryn aep Ceallach
Baptism of Fire ,Calanthe
Baptism of Fire ,Caleb Stratton
Baptism of Fire ,Carduin
Baptism of Fire ,Ceallach aep Gruffyd
Baptism of Fire ,Cerro
Baptism of Fire ,Ciaran aep Dearbh
Baptism of Fire ,Ciri
Baptism of Fire ,Cirilla Fiona (imposter)
Baptism of Fire ,Codringher
Baptism of Fire ,Coinneach Dá Reo
Baptism of Fire ,Connor
Baptism of Fire ,Coram I
Baptism of Fire ,Coram II
Baptism of Fire ,Corbett
Baptism of Fire ,Cosmo Baldenvegg
Baptism of Fire ,Count Lanier
Baptism of Fire ,Cregennan of Lod
Baptism of Fire ,Crispin
Baptism of Fire ,Dagorad
Baptism of Fire ,Dandelion
Baptism of Fire ,Daniel Etcheverry
Baptism of Fire ,Demavend III
Baptism of Fire ,Echel Traighlethan
Baptism of Fire ,Effenberg
Baptism of Fire ,Eithné
Baptism of Fire ,Elan Trahe
Baptism of Fire ,Elen of Kaedwen
Baptism of Fire ,Emhyr var Emreis
Baptism of Fire ,Emiel Regis Rohellec Terzieff-Godefroy
Baptism of Fire ,Ethain
Baptism of Fire ,Falka
Baptism of Fire ,Falka (alias)
Baptism of Fire ,Fauve
Baptism of Fire ,Field Marshal Windbag
Baptism of Fire ,Figgis Merluzzo
Baptism of Fire ,Fiona
Baptism of Fire ,Flourens Delannoy
Baptism of Fire ,Francesca Findabair
Baptism of Fire ,Fringilla Vigo
Baptism of Fire ,Geralt of Rivia
Baptism of Fire ,Gerhart of Aelle
Baptism of Fire ,Giselher
Baptism of Fire ,Goidemar
Baptism of Fire ,Havekar
Baptism of Fire ,Hector Laabs
Baptism of Fire ,Hedwig of Malleore
Baptism of Fire ,Henselt
Baptism of Fire ,Houtborg triplets
Baptism of Fire ,Ida Emean aep Sivney
Baptism of Fire ,Iorweth
Baptism of Fire ,Isengrim Faoiltiarna
Baptism of Fire ,Iskra
Baptism of Fire ,Istredd
Baptism of Fire ,Ithlinne
Baptism of Fire ,Jacob Fenn
Baptism of Fire ,Jan Lennep
Baptism of Fire ,Jan Struycken
Baptism of Fire ,Jolie Lanier
Baptism of Fire ,Kayleigh
Baptism of Fire ,Keira Metz
Baptism of Fire ,Kolda
Baptism of Fire ,Lara Dorren
Baptism of Fire ,Leo Bonhart
Baptism of Fire ,Leticia Charbonneau
Baptism of Fire ,Lucretia Vigo
Baptism of Fire ,Margarita Laux-Antille
Baptism of Fire ,Merlin
Baptism of Fire ,Meve
Baptism of Fire ,Milenka
Baptism of Fire ,Millet
Baptism of Fire ,Milva
Baptism of Fire ,Mistle
Baptism of Fire ,Morteisen
Baptism of Fire ,Munro Bruys
Baptism of Fire ,Muriel
Baptism of Fire ,Mykitka
Baptism of Fire ,Nazarian
Baptism of Fire ,Nimue verch Wledyr ap Gwyn
Baptism of Fire ,Ori Reuven
Baptism of Fire ,Orla
Baptism of Fire ,Papebrock
Baptism of Fire ,Percival Schuttenbach
Baptism of Fire ,Philippa Eilhart
Baptism of Fire ,Pinto
Baptism of Fire ,Radovid V
Baptism of Fire ,Reef
Baptism of Fire ,Reynard Odo
Baptism of Fire ,Riannon
Baptism of Fire ,Rience
Baptism of Fire ,Riordain
Baptism of Fire ,Roach
Baptism of Fire ,Robert of Garramone
Baptism of Fire ,Roger Kameny
Baptism of Fire ,Sabrina Glevissig
Baptism of Fire ,Schirrú
Baptism of Fire ,Servadio
Baptism of Fire ,Sheala de Tancarville
Baptism of Fire ,Shilard Fitz-Oesterlen
Baptism of Fire ,Sievers
Baptism of Fire ,Sigismund Dijkstra
Baptism of Fire ,Silvester Bugiardo
Baptism of Fire ,Simlas Finn aep Dabairr
Baptism of Fire ,Sirssa
Baptism of Fire ,Stefan Skellen
Baptism of Fire ,Stella Congreve
Baptism of Fire ,Stribog
Baptism of Fire ,Stucco Zangenis
Baptism of Fire ,Talbot
Baptism of Fire ,Tissaia de Vries
Baptism of Fire ,Toruviel
Baptism of Fire ,Triss Merigold
Baptism of Fire ,Tugdual
Baptism of Fire ,Tuzik
Baptism of Fire ,Vanadain
Baptism of Fire ,Vascoigne
Baptism of Fire ,Vattier de Rideaux
Baptism of Fire ,Vera Loewenhaupt
Baptism of Fire ,Vilgefortz
Baptism of Fire ,Vissegerd
Baptism of Fire ,Vizimir II
Baptism of Fire ,Vreemde
Baptism of Fire ,Vridank
Baptism of Fire ,Xarthisius
Baptism of Fire ,Yazon Varda
Baptism of Fire ,Yennefer of Vengerberg
Baptism of Fire ,Zgarba
Baptism of Fire ,Zoltan Chivay
Blood of Elves ,Blood of Elves minor characters
Blood of Elves ,Abrad the Old Oak
Blood of Elves ,Aelirenn
Blood of Elves ,Agnes of Glanville
Blood of Elves ,Anna Tiller
Blood of Elves ,Anséis
Blood of Elves ,Artaud Terranova
Blood of Elves ,Axel Esparza
Blood of Elves ,Boatbug
Blood of Elves ,Boratek
Blood of Elves ,Bronibor
Blood of Elves ,Cahir Mawr Dyffryn aep Ceallach
Blood of Elves ,Calanthe
Blood of Elves ,Carduin
Blood of Elves ,Carla Demetia Crest
Blood of Elves ,Ciri
Blood of Elves ,Coën
Blood of Elves ,Crach an Craite
Blood of Elves ,Dandelion
Blood of Elves ,Demavend III
Blood of Elves ,Dezmod
Blood of Elves ,Donimir of Troy
Blood of Elves ,Duke de Ruyter
Blood of Elves ,Edmund Bumbler
Blood of Elves ,Eist Tuirseach
Blood of Elves ,Ekkehard of Sodden
Blood of Elves ,Emhyr var Emreis
Blood of Elves ,Ervyll
Blood of Elves ,Eskel
Blood of Elves ,Essi Daven
Blood of Elves ,Esterad Thyssen
Blood of Elves ,Ethain
Blood of Elves ,Eurneid
Blood of Elves ,Everett
Blood of Elves ,Fercart
Blood of Elves ,Flavius Michelet
Blood of Elves ,Foltest
Blood of Elves ,Francesca Findabair
Blood of Elves ,Geoffrey Monck
Blood of Elves ,Geralt of Rivia
Blood of Elves ,Gerhart of Aelle
Blood of Elves ,Giambattista
Blood of Elves ,Griffin of Temeria
Blood of Elves ,Gruzila
Blood of Elves ,Henselt
Blood of Elves ,Herbert Stammelford
Blood of Elves ,Hereward
Blood of Elves ,Hrosvitha
Blood of Elves ,Iola
Blood of Elves ,Iola the Second
Blood of Elves ,Ironware
Blood of Elves ,Ithlinne
Blood of Elves ,Ivo Richert
Blood of Elves ,Jan Bekker
Blood of Elves ,Jarre
Blood of Elves ,Katje
Blood of Elves ,Keira Metz
Blood of Elves ,Kistrin
Blood of Elves ,Lambert
Blood of Elves ,Linus Pitt
Blood of Elves ,Lodovico Michelet
Blood of Elves ,Lucas Corto
Blood of Elves ,Lydia van Bredevoort
Blood of Elves ,Lytta Neyd
Blood of Elves ,Mama Lantieri
Blood of Elves ,Maria Louisa La Valette
Blood of Elves ,Marquis La Creahme
Blood of Elves ,Medell
Blood of Elves ,Menno Coehoorn
Blood of Elves ,Meve
Blood of Elves ,Michelet brothers
Blood of Elves ,Milan Raupenneck
Blood of Elves ,Myhrman
Blood of Elves ,Myrrha
Blood of Elves ,Nenneke
Blood of Elves ,Nicodemus de Boot
Blood of Elves ,Niedamir
Blood of Elves ,Old Baron La Valette
Blood of Elves ,Olsen
Blood of Elves ,Ori Reuven
Blood of Elves ,Paulie Dahlberg
Blood of Elves ,Pavetta
Blood of Elves ,Pelligram
Blood of Elves ,Philippa Eilhart
Blood of Elves ,Podveyka
Blood of Elves ,Radcliffe
Blood of Elves ,Radovid I
Blood of Elves ,Radovid III
Blood of Elves ,Rayla
Blood of Elves ,Regan Dahlberg
Blood of Elves ,Reginald
Blood of Elves ,Rience
Blood of Elves ,Rizzi Michelet
Blood of Elves ,Roach
Blood of Elves ,Sambuk
Blood of Elves ,Schrader
Blood of Elves ,Shani
Blood of Elves ,Sheldon Skaggs
Blood of Elves ,Sigismund Dijkstra
Blood of Elves ,Stran
Blood of Elves ,Tissaia de Vries
Blood of Elves ,Toublanc Michelet
Blood of Elves ,Triss Merigold
Blood of Elves ,Unist
Blood of Elves ,Vanielle
Blood of Elves ,Venzlav
Blood of Elves ,Vera Loewenhaupt
Blood of Elves ,Vesemir
Blood of Elves ,Vilfrid Wenck
Blood of Elves ,Vilgefortz
Blood of Elves ,Villem
Blood of Elves ,Virfuril
Blood of Elves ,Vissegerd
Blood of Elves ,Vitek
Blood of Elves ,Vizimir II
Blood of Elves ,Windhalm of Attre
Blood of Elves ,Wolfgang Amadeus Goatbeard
Blood of Elves ,Xavier Moran
Blood of Elves ,Yannick Brass
Blood of Elves ,Yarpen Zigrin
Blood of Elves ,Yennefer of Vengerberg
Blood of Elves ,Yoël Grethen
Blood of Elves ,Zyvik
Season of Storms ,Abner de Navarette
Season of Storms ,Adda the White
Season of Storms ,Addarion Bach
Season of Storms ,Aguara
Season of Storms ,Aileach Mor-Dhu
Season of Storms ,Albert Smulka
Season of Storms ,Algernon Guincamp
Season of Storms ,Alzur
Season of Storms ,Antea Derris
Season of Storms ,Axel Esparza
Season of Storms ,Bang
Season of Storms ,Belohun
Season of Storms ,Bernie Hofmeier
Season of Storms ,Biruta Icarti
Season of Storms ,Brehen
Season of Storms ,Briana de Sepulveda
Season of Storms ,Bue
Season of Storms ,Ciri
Season of Storms ,Codringher
Season of Storms ,Colonel de Santis
Season of Storms ,Coppenrath
Season of Storms ,Cosimo Malaspina
Season of Storms ,Dandelion
Season of Storms ,Drofuss
Season of Storms ,Edwina
Season of Storms ,Effenberg
Season of Storms ,Egmund
Season of Storms ,Elmer
Season of Storms ,Escayrac
Season of Storms ,Febus Ravenga
Season of Storms ,Ferrant de Lettenhove
Season of Storms ,Floquet
Season of Storms ,Frans Torquil
Season of Storms ,Geoffrey Monck
Season of Storms ,Geralt of Rivia
Season of Storms ,Gonschorek
Season of Storms ,Harlan Tzara
Season of Storms ,Horvath
Season of Storms ,Idarran of Ulivo
Season of Storms ,Ildiko Breckl
Season of Storms ,Jacob de Sepulveda
Season of Storms ,Jacob Fenn
Season of Storms ,Jan Bekker
Season of Storms ,Javil Fysh
Season of Storms ,Jerosa Fuerte
Season of Storms ,Jonas
Season of Storms ,Kevenard van Vliet
Season of Storms ,Lebioda
Season of Storms ,Ligenza
Season of Storms ,Lindenbrog
Season of Storms ,Lytta Neyd
Season of Storms ,Marti Södergren
Season of Storms ,Maximilian Borsodi
Season of Storms ,Maximilian Borsodi's brother
Season of Storms ,Messer Luppi
Season of Storms ,Mikita
Season of Storms ,Molnar Giancardi
Season of Storms ,Mozaïk
Season of Storms ,Myles Trethevey
Season of Storms ,Narses de la Roche
Season of Storms ,Nikefor Muus
Season of Storms ,Nimue verch Wledyr ap Gwyn
Season of Storms ,Nino Cianfanelli
Season of Storms ,Ohnesorg
Season of Storms ,Ortolan
Season of Storms ,Osmyk
Season of Storms ,Otto Dussart
Season of Storms ,Pandolfo Forteguerra
Season of Storms ,Parlaghy
Season of Storms ,Pastor
Season of Storms ,Pelligram
Season of Storms ,Petru Cobbin
Season of Storms ,Prochaska
Season of Storms ,Prospero Basti
Season of Storms ,Pudlorak
Season of Storms ,Pyral Pratt
Season of Storms ,Rhyd
Season of Storms ,Richter
Season of Storms ,Roach
Season of Storms ,Ropp
Season of Storms ,Sabrina Glevissig
Season of Storms ,Samsa
Season of Storms ,Shevlov
Season of Storms ,Sorel Degerlund
Season of Storms ,Stucco Zangenis
Season of Storms ,Talbot
Season of Storms ,Tarp
Season of Storms ,Tarvix Sandoval
Season of Storms ,Tiziana Frevi
Season of Storms ,Tonton Zroga
Season of Storms ,Trent
Season of Storms ,Tukaj
Season of Storms ,Tverdoruk
Season of Storms ,Vesemir
Season of Storms ,Videmont
Season of Storms ,Vimme Vivaldi
Season of Storms ,Violetta
Season of Storms ,Viraxas
Season of Storms ,Vizimir II
Season of Storms ,Vorsterkranz
Season of Storms ,Vysogota of Corvo
Season of Storms ,Wledyr
Season of Storms ,Xander
Season of Storms ,Xymena de Sepulveda
Season of Storms ,Yan Malkin
Season of Storms ,Yennefer of Vengerberg
"Something Ends, Something Begins ",Adda the White
"Something Ends, Something Begins ",Agloval
"Something Ends, Something Begins ",Alzur
"Something Ends, Something Begins ",Annika
"Something Ends, Something Begins ",Braenn
"Something Ends, Something Begins ",Brennan
"Something Ends, Something Begins ",Caldemeyn
"Something Ends, Something Begins ",Chireadan
"Something Ends, Something Begins ",Ciri
"Something Ends, Something Begins ",Cirilla (dryad)
"Something Ends, Something Begins ",Crach an Craite
"Something Ends, Something Begins ",Czop
"Something Ends, Something Begins ",Dainty Biberveldt
"Something Ends, Something Begins ",Dandelion
"Something Ends, Something Begins ",Devereux
"Something Ends, Something Begins ",Dorregaray
"Something Ends, Something Begins ",Dudu
"Something Ends, Something Begins ",Eithné (Braenn's daughter)
"Something Ends, Something Begins ",Eskel
"Something Ends, Something Begins ",Ethain
"Something Ends, Something Begins ",Eurneid
"Something Ends, Something Begins ",Fregenal
"Something Ends, Something Begins ",Freixenet
"Something Ends, Something Begins ",Freya (Skelliger)
"Something Ends, Something Begins ",Galahad
"Something Ends, Something Begins ",Gardenia Biberveldt
"Something Ends, Something Begins ",Geralt of Rivia
"Something Ends, Something Begins ",Grozim
"Something Ends, Something Begins ",Herwig
"Something Ends, Something Begins ",Hotspurn
"Something Ends, Something Begins ",Iola the Second
"Something Ends, Something Begins ",Jarre
"Something Ends, Something Begins ",Kashka
"Something Ends, Something Begins ",Kehl
"Something Ends, Something Begins ",Kelpie (horse)
"Something Ends, Something Begins ",Korin
"Something Ends, Something Begins ",Koshchey's Men
"Something Ends, Something Begins ",Leo Bonhart
"Something Ends, Something Begins ",Lily Biberveldt
"Something Ends, Something Begins ",Loki an Craite
"Something Ends, Something Begins ",Manissa
"Something Ends, Something Begins ",Matholm
"Something Ends, Something Begins ",Merle
"Something Ends, Something Begins ",Mikula (blacksmith)
"Something Ends, Something Begins ",Mistle
"Something Ends, Something Begins ",Mona (dryad)
"Something Ends, Something Begins ",Morenn (Braenn's daughter)
"Something Ends, Something Begins ",Mousesack
"Something Ends, Something Begins ",Nenneke
"Something Ends, Something Begins ",Percival Schuttenbach
"Something Ends, Something Begins ",Radcliffe
"Something Ends, Something Begins ",Radim
"Something Ends, Something Begins ",Ragnar an Craite
"Something Ends, Something Begins ",Sandy Frogmorton
"Something Ends, Something Begins ",Sh'eenaz
"Something Ends, Something Begins ",Sigismund Dijkstra
"Something Ends, Something Begins ","Something Ends, Something Begins minor characters"
"Something Ends, Something Begins ",Sulivoy
"Something Ends, Something Begins ",Topin
"Something Ends, Something Begins ",Triss Merigold
"Something Ends, Something Begins ",Venzlav
"Something Ends, Something Begins ",Vesemir
"Something Ends, Something Begins ",Villentretenmerth
"Something Ends, Something Begins ",Visenna
"Something Ends, Something Begins ",Vissing
"Something Ends, Something Begins ",White Lady
"Something Ends, Something Begins ",Willem
"Something Ends, Something Begins ",Yarpen Zigrin
"Something Ends, Something Begins ",Yennefer of Vengerberg
"Something Ends, Something Begins ",Yves
Sword of Destiny ,Agloval
Sword of Destiny ,Akeretta
Sword of Destiny ,Alvina
Sword of Destiny ,Arno Hardbottom
Sword of Destiny ,Artaud Terranova
Sword of Destiny ,Atlan Kerk
Sword of Destiny ,Axel Esparza
Sword of Destiny ,Beady-eyes
Sword of Destiny ,Begonia Biberveldt
Sword of Destiny ,Boholt
Sword of Destiny ,Braenn
Sword of Destiny ,Brick
Sword of Destiny ,Budibog
Sword of Destiny ,Calanthe
Sword of Destiny ,Chappelle
Sword of Destiny ,Ciri
Sword of Destiny ,Crinfrid Reavers
Sword of Destiny ,Cynthia (ballad subject)
Sword of Destiny ,Dagobert
Sword of Destiny ,Dainty Biberveldt
Sword of Destiny ,Dalia
Sword of Destiny ,Dandelion
Sword of Destiny ,Detchka
Sword of Destiny ,Dezmod
Sword of Destiny ,Dorregaray
Sword of Destiny ,Drunken ferryman
Sword of Destiny ,Dudu
Sword of Destiny ,Dunca
Sword of Destiny ,Ebbing quadruplets
Sword of Destiny ,Eist Tuirseach
Sword of Destiny ,Eithné
Sword of Destiny ,Ekkehard of Sodden
Sword of Destiny ,Eliza
Sword of Destiny ,Emhyr var Emreis
Sword of Destiny ,Ervyll
Sword of Destiny ,Essi Daven
Sword of Destiny ,Ethain
Sword of Destiny ,Eyck of Denesle
Sword of Destiny ,Fercart
Sword of Destiny ,Freixenet
Sword of Destiny ,Gar
Sword of Destiny ,Gardenia Biberveldt
Sword of Destiny ,Gaspard Drouhard
Sword of Destiny ,Geralt of Rivia
Sword of Destiny ,Goldencheeks
Sword of Destiny ,Gorazd
Sword of Destiny ,Gritzi
Sword of Destiny ,Gyllenstiern
Sword of Destiny ,Herbolth
Sword of Destiny ,Istredd
Sword of Destiny ,Ivo Mirce
Sword of Destiny ,Joachim Schwann
Sword of Destiny ,Juan Pablo Vassermiller
Sword of Destiny ,Junghans
Sword of Destiny ,Kennet
Sword of Destiny ,Kistrin
Sword of Destiny ,Kreve
Sword of Destiny ,Lawdbor
Sword of Destiny ,Levecque
Sword of Destiny ,Lucas Corto
Sword of Destiny ,Lytta Neyd
Sword of Destiny ,Marck
Sword of Destiny ,Mestvin
Sword of Destiny ,Mitzi
Sword of Destiny ,Morénn
Sword of Destiny ,Mousesack
Sword of Destiny ,Muskrat
Sword of Destiny ,Myrgtabrakke
Sword of Destiny ,Nadbor
Sword of Destiny ,Nelumbo
Sword of Destiny ,Niedamir
Sword of Destiny ,Paulie Dahlberg
Sword of Destiny ,Pavetta
Sword of Destiny ,Podveyka
Sword of Destiny ,Pokvit
Sword of Destiny ,Putzi
Sword of Destiny ,Radcliffe
Sword of Destiny ,Regan Dahlberg
Sword of Destiny ,Rhundurin
Sword of Destiny ,Rhyd
Sword of Destiny ,Roach
Sword of Destiny ,Roedskilde
Sword of Destiny ,Sabrina Glevissig
Sword of Destiny ,Sambuk
Sword of Destiny ,Sh'eenaz
Sword of Destiny ,Sheepbagger
Sword of Destiny ,Sirssa
Sword of Destiny ,Sorrel
Sword of Destiny ,Stefan Skellen
Sword of Destiny ,Sulik
Sword of Destiny ,Sulimir
Sword of Destiny ,Sword of Destiny minor characters
Sword of Destiny ,Teleri Drouhard
Sword of Destiny ,Ther Lukokian
Sword of Destiny ,Triss Merigold
Sword of Destiny ,Téa
Sword of Destiny ,Vanda
Sword of Destiny ,Vanielle
Sword of Destiny ,Vell
Sword of Destiny ,Venzlav
Sword of Destiny ,Vertvern
Sword of Destiny ,Vesemir
Sword of Destiny ,Vespula
Sword of Destiny ,Veverka
Sword of Destiny ,Villentretenmerth
Sword of Destiny ,Vimme Vivaldi
Sword of Destiny ,Viraxas
Sword of Destiny ,Visenna
Sword of Destiny ,Voymir (knight)
Sword of Destiny ,Véa
Sword of Destiny ,Xavier Moran
Sword of Destiny ,Yannick Brass
Sword of Destiny ,Yarpen Zigrin
Sword of Destiny ,Yennefer of Vengerberg
Sword of Destiny ,Yoël Grethen
Sword of Destiny ,Yurga
Sword of Destiny ,Zelest
Szpony i kły ,Ethain
Szpony i kły ,Mathen
Szpony i kły ,Sha
Tales from the world of The Witcher ,Saint Elmo
The Lady of the Lake ,Aarhenius Krantz
The Lady of the Lake ,Abonde
The Lady of the Lake ,Adam Pangratt
The Lady of the Lake ,Adela Marta
The Lady of the Lake ,Aen Saevherne
The Lady of the Lake ,Aillil Mawr Dyffryn aep Ceallach
The Lady of the Lake ,Albert Solpietra
The Lady of the Lake ,Alcides Fierabras
The Lady of the Lake ,Aloë Hildebrandt
The Lady of the Lake ,Amadis de Trastamara
The Lady of the Lake ,Andy Biberveldt
The Lady of the Lake ,Angoulême
The Lady of the Lake ,Angus Bri Cri
The Lady of the Lake ,Anna Henrietta
The Lady of the Lake ,Anna Tiller
The Lady of the Lake ,Anzelm Aubry
The Lady of the Lake ,Ardal aep Dahy
The Lady of the Lake ,Aristoteles Bobeck
The Lady of the Lake ,Arthur
The Lady of the Lake ,Artorius Vigo
The Lady of the Lake ,Assire var Anahid
The Lady of the Lake ,Auberon Muircetach
The Lady of the Lake ,Aubry (second born)
The Lady of the Lake ,Avallac'h
The Lady of the Lake ,Barclay Els
The Lady of the Lake ,Berengar Leuvaarden
The Lady of the Lake ,Bernie Hofmeier
The Lady of the Lake ,Bertram Skellen
The Lady of the Lake ,Blasco Grant
The Lady of the Lake ,Blenheim Blenckert
The Lady of the Lake ,Boreas Mun
The Lady of the Lake ,Braathens
The Lady of the Lake ,Bronibor
The Lady of the Lake ,Brouver Hoog
The Lady of the Lake ,Bucephalus
The Lady of the Lake ,Cahir Mawr Dyffryn aep Ceallach
The Lady of the Lake ,Cairbre aep Diared
The Lady of the Lake ,Calanthe
The Lady of the Lake ,Carolina Roberta
The Lady of the Lake ,Carthia van Canten
The Lady of the Lake ,Ceallach aep Gruffyd
The Lady of the Lake ,Cedric (king)
The Lady of the Lake ,Cerro
The Lady of the Lake ,Chevron Knight
The Lady of the Lake ,Cinead var Anahid
The Lady of the Lake ,Ciri
The Lady of the Lake ,Ciri (Jarre's granddaughter)
The Lady of the Lake ,Cirilla Fiona (imposter)
The Lady of the Lake ,Coinneach Dá Reo
The Lady of the Lake ,Condwiramurs Tilly
The Lady of the Lake ,Corbett
The Lady of the Lake ,Count Broinne
The Lady of the Lake ,Count de Ruyter
The Lady of the Lake ,Coën
The Lady of the Lake ,Cregennan of Lod
The Lady of the Lake ,Cyprian Fripp the younger
The Lady of the Lake ,Cyrus Engelkind Hemmelfart
The Lady of the Lake ,Dacre Silifant
The Lady of the Lake ,Dagorad
The Lady of the Lake ,Dandelion
The Lady of the Lake ,Daniel Etcheverry
The Lady of the Lake ,Debora
The Lady of the Lake ,Dede Vargas
The Lady of the Lake ,Demavend III
The Lady of the Lake ,Dennis Cranmer
The Lady of the Lake ,Deuslax
The Lady of the Lake ,Devlin aep Meara
The Lady of the Lake ,Dezmod
The Lady of the Lake ,Dheran Mawr Dyffryn aep Ceallach
The Lady of the Lake ,Didi Hofmeier
The Lady of the Lake ,Digod
The Lady of the Lake ,Dominik Bombastus Houvenaghel
The Lady of the Lake ,Draakul
The Lady of the Lake ,Dyffryn
The Lady of the Lake ,Edmund Bumbler
The Lady of the Lake ,Effenberg
The Lady of the Lake ,Eithné
The Lady of the Lake ,Elan Trahe
The Lady of the Lake ,Elkana Foster
The Lady of the Lake ,Emhyr var Emreis
The Lady of the Lake ,Emiel Regis Rohellec Terzieff-Godefroy
The Lady of the Lake ,Emmerich Gottschalk
The Lady of the Lake ,Eredin Bréacc Glas
The Lady of the Lake ,Ervyll
The Lady of the Lake ,Eskel
The Lady of the Lake ,Esterad Thyssen
The Lady of the Lake ,Ethain
The Lady of the Lake ,Eudora Breckenriggs
The Lady of the Lake ,Eurneid
The Lady of the Lake ,Evangelina Parr
The Lady of the Lake ,Eviva var Anahid
The Lady of the Lake ,Fabio Sachs
The Lady of the Lake ,Falka
The Lady of the Lake ,Fergus var Emreis
The Lady of the Lake ,Field Marshal Windbag
The Lady of the Lake ,Figgis Merluzzo
The Lady of the Lake ,Fisher King (lover of Nimue)
The Lady of the Lake ,Fitz-Oesterlen (cadet)
The Lady of the Lake ,Flourens Delannoy
The Lady of the Lake ,Foltest
The Lady of the Lake ,Forest Gramps
The Lady of the Lake ,Francesca Findabair
The Lady of the Lake ,Fringilla Vigo
The Lady of the Lake ,Fulko Artevelde
The Lady of the Lake ,Fuson
The Lady of the Lake ,Galahad
The Lady of the Lake ,Gardik
The Lady of the Lake ,Gefreiter Corncrake
The Lady of the Lake ,Geralt of Rivia
The Lady of the Lake ,Goidemar
The Lady of the Lake ,Goulue
The Lady of the Lake ,Gruffyd
The Lady of the Lake ,Guy de Bois-Fresnes
The Lady of the Lake ,Hamilcar Danza
The Lady of the Lake ,Hedwig of Malleore
The Lady of the Lake ,Henselt
The Lady of the Lake ,Hereward
The Lady of the Lake ,Holofernes Hofmeier
The Lady of the Lake ,Ida Emean aep Sivney
The Lady of the Lake ,Ihuarraquax
The Lady of the Lake ,Impatientia Vanderbeck
The Lady of the Lake ,Incarvilia Hildebrandt
The Lady of the Lake ,Iola the Second
The Lady of the Lake ,Isengrim Faoiltiarna
The Lady of the Lake ,Istvan Igalffy
The Lady of the Lake ,Ithlinne
The Lady of the Lake ,Jacqueline
The Lady of the Lake ,Jan Lennep
The Lady of the Lake ,Jan Natalis
The Lady of the Lake ,Jarre
The Lady of the Lake ,Jean Catillon
The Lady of the Lake ,Jean La Voisier
The Lady of the Lake ,Joachim de Wett
The Lady of the Lake ,John of Attre
The Lady of the Lake ,Juan Gutierrez
The Lady of the Lake ,Julia Abatemarco
The Lady of the Lake ,Katje
The Lady of the Lake ,Kees van Lo
The Lady of the Lake ,Keira Metz
The Lady of the Lake ,Kelpie (horse)
The Lady of the Lake ,King of the Wild Hunt
The Lady of the Lake ,Kistrin
The Lady of the Lake ,Klaproth
The Lady of the Lake ,Kobus de Ruyter
The Lady of the Lake ,Lamarr Flaut
The Lady of the Lake ,Lambert
The Lady of the Lake ,Lara Dorren
The Lady of the Lake ,Lebioda
The Lady of the Lake ,Leo Bonhart
The Lady of the Lake ,Leon Oppenhauser
The Lady of the Lake ,Liam aep Muir Moss
The Lady of the Lake ,Lorenzo Molla
The Lady of the Lake ,Lucienne
The Lady of the Lake ,Lydia van Bredevoort
The Lady of the Lake ,Lytta Neyd
The Lady of the Lake ,Malatesta
The Lady of the Lake ,Margarita Laux-Antille
The Lady of the Lake ,Markus Braibant
The Lady of the Lake ,Marti Södergren
The Lady of the Lake ,Mawr var Anahid
The Lady of the Lake ,Melfi
The Lady of the Lake ,Menno Coehoorn
The Lady of the Lake ,Meve
The Lady of the Lake ,Milo Vanderbeck
The Lady of the Lake ,Milton
The Lady of the Lake ,Milton de Peyrac-Peyran
The Lady of the Lake ,Milva
The Lady of the Lake ,Mistle
The Lady of the Lake ,Morvran Voorhis
The Lady of the Lake ,Munro Bruys
The Lady of the Lake ,Myrrha
The Lady of the Lake ,Nadia Esposito
The Lady of the Lake ,Natanis
The Lady of the Lake ,Nenneke
The Lady of the Lake ,Nicodemus de Boot
The Lady of the Lake ,Nimue verch Wledyr ap Gwyn
The Lady of the Lake ,Nitert
The Lady of the Lake ,Notturna
The Lady of the Lake ,Nycklar
The Lady of the Lake ,Ograbek
The Lady of the Lake ,Okultich
The Lady of the Lake ,Ola Harsheim
The Lady of the Lake ,Orestes Kopps
The Lady of the Lake ,Ori Reuven
The Lady of the Lake ,Otto de Congreve
The Lady of the Lake ,Ouder de Wyngalt
The Lady of the Lake ,Palmerin de Launfal
The Lady of the Lake ,Papebrock
The Lady of the Lake ,Paulie Dahlberg
The Lady of the Lake ,Pelligram
The Lady of the Lake ,Percival Schuttenbach
The Lady of the Lake ,Peter Faramond
The Lady of the Lake ,Petunia Hildebrandt
The Lady of the Lake ,Philippa Eilhart
The Lady of the Lake ,Pike (person)
The Lady of the Lake ,Prince Voorhis
The Lady of the Lake ,Prine
The Lady of the Lake ,Puttkammer
The Lady of the Lake ,Radovid V
The Lady of the Lake ,Ramon Tyrconnel
The Last Wish ,Abergard
The Last Wish ,"Abrad ""Jack-up-the-Skirt"""
The Last Wish ,Adda of Temeria
The Last Wish ,Adda the White
The Last Wish ,Aen Saevherne
The Last Wish ,Akerspaark
The Last Wish ,Aridea
The Last Wish ,Arthur Tailles
The Last Wish ,Audoen
The Last Wish ,Beau Berrant
The Last Wish ,Bernika
The Last Wish ,Borg
The Last Wish ,Bran Tuirseach
The Last Wish ,Butcher of Blaviken
The Last Wish ,Calanthe
The Last Wish ,Caldemeyn
The Last Wish ,Carrypebble
The Last Wish ,Centurion (innkeeper)
The Last Wish ,Cerberus
The Last Wish ,Cerro
The Last Wish ,Chireadan
The Last Wish ,Civril
The Last Wish ,Crach an Craite
The Last Wish ,Crach's mother
The Last Wish ,Dalimira
The Last Wish ,Dandelion
The Last Wish ,Dennis Cranmer
The Last Wish ,Dezmod
The Last Wish ,Dhun
The Last Wish ,Dragomir
The Last Wish ,Draig Bon-Dhu
The Last Wish ,Drogodar
The Last Wish ,Eist Tuirseach
The Last Wish ,Eltibald
The Last Wish ,Emhyr var Emreis
The Last Wish ,Ermellia
The Last Wish ,Errdil
The Last Wish ,Eskel
The Last Wish ,Ethain
The Last Wish ,Evermir
The Last Wish ,Eylembert of Tigg
The Last Wish ,Falwick
The Last Wish ,Fenne
The Last Wish ,Fialka
The Last Wish ,Fifteen
The Last Wish ,Filavandrel aén Fidháil
The Last Wish ,Fodcat
The Last Wish ,Foltest
The Last Wish ,Fredefalk Vellga
The Last Wish ,Galarr
The Last Wish ,Geoffrey Monck
The Last Wish ,Geralt of Rivia
The Last Wish ,Glutton
The Last Wish ,Haxo
The Last Wish ,Herbert Stammelford
The Last Wish ,Hereward
The Last Wish ,Heribert
The Last Wish ,Idi
The Last Wish ,Ilka
The Last Wish ,Iola
The Last Wish ,Irion
The Last Wish ,Karelka
The Last Wish ,Krepp
The Last Wish ,Laurelnose
The Last Wish ,Lebioda
The Last Wish ,Lenka
The Last Wish ,Libushe
The Last Wish ,Lille
The Last Wish ,Lord Strept
The Last Wish ,Mad Deï
The Last Wish ,Marilka
The Last Wish ,Medell
The Last Wish ,Mousesack
The Last Wish ,Nan the Hag
The Last Wish ,Nenneke
The Last Wish ,Nettly
The Last Wish ,Neville
The Last Wish ,Nimir
The Last Wish ,Nivellen
The Last Wish ,Nohorn
The Last Wish ,Ostrit
The Last Wish ,Pavetta
The Last Wish ,Primula
The Last Wish ,Rainfarn
The Last Wish ,Ravix of Fourhorn
The Last Wish ,Renfri Vellga
The Last Wish ,Roach
The Last Wish ,Roderick de Novembre
The Last Wish ,Roegner of Ebbing
The Last Wish ,Rulle Asper
The Last Wish ,Rumplestelt
The Last Wish ,Sancia of Sodden
The Last Wish ,Segelin
The Last Wish ,Seven gnomes
The Last Wish ,Silvena (Fredefalk's wife)
The Last Wish ,Silvena (Narok ruler)
The Last Wish ,Slow
The Last Wish ,Stregobor
The Last Wish ,Supree
The Last Wish ,Tavik
The Last Wish ,The Last Wish minor characters
The Last Wish ,Tinglant
The Last Wish ,Torque
The Last Wish ,Toruviel
The Last Wish ,Treska
The Last Wish ,Trigla
The Last Wish ,Triss Merigold
The Last Wish ,Valdo Marx
The Last Wish ,Vanadain
The Last Wish ,Velerad
The Last Wish ,Venimira
The Last Wish ,Vereena
The Last Wish ,Vesemir
The Last Wish ,Virginia
The Last Wish ,Vissegerd
The Last Wish ,Vizimir II
The Last Wish ,Vratimir
The Last Wish ,Vridank
The Last Wish ,Vyr
The Last Wish ,Warder
The Last Wish ,Wieldhill
The Last Wish ,Windhalm of Attre
The Last Wish ,Yennefer of Vengerberg
The Last Wish ,Zatret Voruta
The Last Wish ,Zavist
The Last Wish ,Zivelina
The Tower of the Swallow ,Adam Pangratt
The Tower of the Swallow ,Aideen
The Tower of the Swallow ,Almavera
The Tower of the Swallow ,Amaranth
The Tower of the Swallow ,Ambassador de Ruyter
The Tower of the Swallow ,Andres Vierny
The Tower of the Swallow ,Angoulême
The Tower of the Swallow ,Anna Henrietta
The Tower of the Swallow ,Ardal aep Dahy
The Tower of the Swallow ,Aristide Vermuellen
The Tower of the Swallow ,Asa Thjazi
The Tower of the Swallow ,Asse
The Tower of the Swallow ,Assire var Anahid
The Tower of the Swallow ,Avallac'h
The Tower of the Swallow ,Baron of Casadei
The Tower of the Swallow ,Benda
The Tower of the Swallow ,Bert Brigden
The Tower of the Swallow ,Big Lothar
The Tower of the Swallow ,Billy Goat (digger)
The Tower of the Swallow ,Blanka
The Tower of the Swallow ,Boreas Mun
The Tower of the Swallow ,Bran Tuirseach
The Tower of the Swallow ,Bucephalus
The Tower of the Swallow ,Buyvid Backhuysen
The Tower of the Swallow ,Cahir Mawr Dyffryn aep Ceallach
The Tower of the Swallow ,Calanthe
The Tower of the Swallow ,Caleb Stratton
The Tower of the Swallow ,Carthia van Canten
The Tower of the Swallow ,Ceallach aep Gruffyd
The Tower of the Swallow ,Chloe Stitz
The Tower of the Swallow ,Ciri
The Tower of the Swallow ,Cirilla Fiona (imposter)
The Tower of the Swallow ,Codringher
The Tower of the Swallow ,Coën
The Tower of the Swallow ,Crach an Craite
The Tower of the Swallow ,Cregennan of Lod
The Tower of the Swallow ,Cyprian Fripp the elder
The Tower of the Swallow ,Cyprian Fripp the younger
The Tower of the Swallow ,D'Arvy
The Tower of the Swallow ,Dacre Silifant
The Tower of the Swallow ,Dandelion
The Tower of the Swallow ,Daniel Etcheverry
The Tower of the Swallow ,Debora
The Tower of the Swallow ,Declan Ros aep Maelchlad
The Tower of the Swallow ,Dede Vargas
The Tower of the Swallow ,Demavend III
The Tower of the Swallow ,Dominik Bombastus Houvenaghel
The Tower of the Swallow ,Draakul
The Tower of the Swallow ,Dufficey Kriel
The Tower of the Swallow ,Effenberg
The Tower of the Swallow ,Eist Tuirseach
The Tower of the Swallow ,Emhyr var Emreis
The Tower of the Swallow ,Emiel Regis Rohellec Terzieff-Godefroy
The Tower of the Swallow ,Eredin Bréacc Glas
The Tower of the Swallow ,Eskel
The Tower of the Swallow ,Esterad Thyssen
The Tower of the Swallow ,Esterhazy
The Tower of the Swallow ,Esteril Thyssen
The Tower of the Swallow ,Eurneid
The Tower of the Swallow ,Fabio Sachs
The Tower of the Swallow ,Falka (alias)
The Tower of the Swallow ,Fergus var Emreis
The Tower of the Swallow ,Flourens Delannoy
The Tower of the Swallow ,Fringilla Vigo
The Tower of the Swallow ,Fulko Artevelde
The Tower of the Swallow ,Gabriel (person)
The Tower of the Swallow ,Gaudemunda Thyssen
The Tower of the Swallow ,Gedovius Troyden
The Tower of the Swallow ,Gemma
The Tower of the Swallow ,Geoffrey Monck
The Tower of the Swallow ,Geralt of Rivia
The Tower of the Swallow ,Gerard Troyden
The Tower of the Swallow ,Giselher
The Tower of the Swallow ,Golan Drozdeck
The Tower of the Swallow ,Gosta
The Tower of the Swallow ,Goulue
The Tower of the Swallow ,Guiscard Vermuellen
The Tower of the Swallow ,Guthlaf
The Tower of the Swallow ,Henselt
The Tower of the Swallow ,Hjalmar an Craite
The Tower of the Swallow ,Homer Straggen
The Tower of the Swallow ,Horsehide
The Tower of the Swallow ,Hotspurn
The Tower of the Swallow ,Iola
The Tower of the Swallow ,Iola the Second
The Tower of the Swallow ,Iskra
The Tower of the Swallow ,Ithlinne
The Tower of the Swallow ,Jacob Fenn
The Tower of the Swallow ,Jan Calveit
The Tower of the Swallow ,Jan Cronin
The Tower of the Swallow ,Jarre
The Tower of the Swallow ,Jediah Mekesser
The Tower of the Swallow ,Joachim de Wett
The Tower of the Swallow ,Joanna Selborne
The Tower of the Swallow ,Juan Gutierrez
The Tower of the Swallow ,Julia Abatemarco
The Tower of the Swallow ,Kabernik Turent
The Tower of the Swallow ,Kamil Ronstetter
The Tower of the Swallow ,Katje
The Tower of the Swallow ,Kaveri
The Tower of the Swallow ,Kayleigh
The Tower of the Swallow ,Kelpie (horse)
The Tower of the Swallow ,Kohut
The Tower of the Swallow ,Lady de Lisemore
The Tower of the Swallow ,Lambert
The Tower of the Swallow ,Lara Dorren
The Tower of the Swallow ,Lebioda
The Tower of the Swallow ,Leo Bonhart
The Tower of the Swallow ,Lorenzo Molla
The Tower of the Swallow ,Lydia van Bredevoort
The Tower of the Swallow ,Mad Deï
The Tower of the Swallow ,Margarita Laux-Antille
The Tower of the Swallow ,Marie de Mercey
The Tower of the Swallow ,Markus Braibant
The Tower of the Swallow ,Marquard
The Tower of the Swallow ,Marquis de Mercey
The Tower of the Swallow ,Matilda de Nementh-Uyvar
The Tower of the Swallow ,Matted Hair
The Tower of the Swallow ,Mawr var Anahid
The Tower of the Swallow ,Menno Coehoorn
The Tower of the Swallow ,Meve
The Tower of the Swallow ,Michael de Noailles
The Tower of the Swallow ,Milo Vanderbeck
The Tower of the Swallow ,Milton de Peyrac-Peyran
The Tower of the Swallow ,Milva
The Tower of the Swallow ,Mistle
The Tower of the Swallow ,Muchomorek
The Tower of the Swallow ,Myrrha
The Tower of the Swallow ,Nenneke
The Tower of the Swallow ,Neratin Ceka
The Tower of the Swallow ,Novosad
The Tower of the Swallow ,Nycklar
The Tower of the Swallow ,Ola Harsheim
The Tower of the Swallow ,Paulie Dahlberg
The Tower of the Swallow ,Pennycuick
The Tower of the Swallow ,Philippa Eilhart
The Tower of the Swallow ,Prine
The Tower of the Swallow ,Radcliffe
The Tower of the Swallow ,Radovid I
The Tower of the Swallow ,Radovid III
The Tower of the Swallow ,Radovid V
The Tower of the Swallow ,Raymund
The Tower of the Swallow ,Reef
The Tower of the Swallow ,Reynart de Bois-Fresnes
The Tower of the Swallow ,Rhyd
The Tower of the Swallow ,Riannon
The Tower of the Swallow ,Rience
The Tower of the Swallow ,Rispat La Pointe
The Tower of the Swallow ,Roach
The Tower of the Swallow ,Roderick de Novembre
The Tower of the Swallow ,Rupert (The Tower of the Swallow)
The Tower of the Swallow ,Scarra sisters
The Tower of the Swallow ,Schirrú
The Tower of the Swallow ,Schliemann
The Tower of the Swallow ,Sheala de Tancarville
The Tower of the Swallow ,Sigismund Dijkstra
The Tower of the Swallow ,Sigrdrifa
The Tower of the Swallow ,Stavro
The Tower of the Swallow ,Stigward
The Tower of the Swallow ,Surcratasse
The Tower of the Swallow ,Sven (Guthlaf's father)
The Tower of the Swallow ,Talbot
The Tower of the Swallow ,Tankred Thyssen
The Tower of the Swallow ,Til Echrade
The Tower of the Swallow ,Tissaia de Vries
The Tower of the Swallow ,Torres var Emreis
The Tower of the Swallow ,Triss Merigold
The Tower of the Swallow ,Troyden
The Tower of the Swallow ,Valdez
The Tower of the Swallow ,Vattier de Rideaux
The Tower of the Swallow ,Vesemir
The Tower of the Swallow ,Vilgefortz
The Tower of the Swallow ,Vissegerd
The Tower of the Swallow ,Vizimir II
The Tower of the Swallow ,Vysogota of Corvo
The Tower of the Swallow ,Walter Beda
The Tower of the Swallow ,Weasel
The Tower of the Swallow ,Windsor Imbra
The Tower of the Swallow ,Xarthisius
The Tower of the Swallow ,Yarpen Zigrin
The Tower of the Swallow ,Yennefer of Vengerberg
The Tower of the Swallow ,Yirrel
The Tower of the Swallow ,Yuz Jannowitz
The Tower of the Swallow ,Zdyb
The Tower of the Swallow ,Zuleyka
The Tower of the Swallow ,Zyvik
Time of Contempt ,Abdank
Time of Contempt ,Agnes of Glanville
Time of Contempt ,Aine Dermott
Time of Contempt ,Akerspaark
Time of Contempt ,Akerspaark's children
Time of Contempt ,Alia Akerspaark
Time of Contempt ,Aplegatt
Time of Contempt ,April Wenhaver
Time of Contempt ,Ardal aep Dahy
Time of Contempt ,Argentina Akerspaark
Time of Contempt ,Artaud Terranova
Time of Contempt ,Asse
Time of Contempt ,Audegast
Time of Contempt ,Augusta Wagner
Time of Contempt ,Aurora Henson
Time of Contempt ,Bernie Hofmeier
Time of Contempt ,Bianca d'Este
Time of Contempt ,Blaise
Time of Contempt ,Blue Knight
Time of Contempt ,Bode
Time of Contempt ,Bronibor
Time of Contempt ,Cahir Mawr Dyffryn aep Ceallach
Time of Contempt ,Cairbre aep Diared
Time of Contempt ,Calanthe
Time of Contempt ,Carduin
Time of Contempt ,Carla Demetia Crest
Time of Contempt ,Ceallach aep Gruffyd
Time of Contempt ,Cinia Hofmeier
Time of Contempt ,Ciri
Time of Contempt ,Cirilla Fiona (imposter)
Time of Contempt ,Clara aep Gwydolyn Gor
Time of Contempt ,Codringher
Time of Contempt ,Coën
Time of Contempt ,Cregennan of Lod
Time of Contempt ,Dagorad
Time of Contempt ,Dandelion
Time of Contempt ,Demavend III
Time of Contempt ,Dervla Tryffin Broinne
Time of Contempt ,Detmold
Time of Contempt ,Digod
Time of Contempt ,Dorregaray
Time of Contempt ,Drithelm
Time of Contempt ,Effenberg
Time of Contempt ,Eist Tuirseach
Time of Contempt ,Eithné
Time of Contempt ,Elan Trahe
Time of Contempt ,Elen of Kaedwen
Time of Contempt ,Emhyr var Emreis
Time of Contempt ,Eredin Bréacc Glas
Time of Contempt ,Ervyll
Time of Contempt ,Eskel
Time of Contempt ,Esterad Thyssen
Time of Contempt ,Ethain
Time of Contempt ,Ettariel
Time of Contempt ,Evan Helvet
Time of Contempt ,Fabio Sachs
Time of Contempt ,Fabio Sachs (senior)
Time of Contempt ,Falka
Time of Contempt ,Falka (alias)
Time of Contempt ,Fauve
Time of Contempt ,Fercart
Time of Contempt ,Filavandrel aén Fidháil
Time of Contempt ,Fiona
Time of Contempt ,Flavius Michelet
Time of Contempt ,Flourens Delannoy
Time of Contempt ,Foltest
Time of Contempt ,Francesca Findabair
Time of Contempt ,Franklin Hofmeier
Time of Contempt ,Geoffrey Monck
Time of Contempt ,Geralt of Rivia
Time of Contempt ,Gerhart of Aelle
Time of Contempt ,Giambattista
Time of Contempt ,Giselher
Time of Contempt ,Gonzalez Akerspaark
Time of Contempt ,Gorazd
Time of Contempt ,Gorm Akerspaark
Time of Contempt ,Hansom
Time of Contempt ,Hedwig of Malleore
Time of Contempt ,Heimo Kantor
Time of Contempt ,Henselt
Time of Contempt ,Herbert Stammelford
Time of Contempt ,Horm Akerspaark
Time of Contempt ,Hoët
Time of Contempt ,Hrafnir
Time of Contempt ,Hugo Ansbach
Time of Contempt ,Ihuarraquax
Time of Contempt ,Ilona Laux-Antille
Time of Contempt ,Immanuel Benavent
Time of Contempt ,Iskra
Time of Contempt ,Ithlinne
Time of Contempt ,Ivo Richert
Time of Contempt ,Jacob Fenn
Time of Contempt ,Jada Glevissig
Time of Contempt ,Jan Bekker
Time of Contempt ,Jan Calveit
Time of Contempt ,Jarre
Time of Contempt ,Joachim de Wett
Time of Contempt ,Justin Ingvar
Time of Contempt ,Kayleigh
Time of Contempt ,Keira Metz
Time of Contempt ,King of the Wild Hunt
Time of Contempt ,Klara Larissa de Winter
Time of Contempt ,Korin
Time of Contempt ,Kraska
Time of Contempt ,Lambert
Time of Contempt ,Lara Dorren
Time of Contempt ,Lars
Time of Contempt ,Leila
Time of Contempt ,Leticia Charbonneau
Time of Contempt ,Little Yaxa
Time of Contempt ,Lodovico Michelet
Time of Contempt ,Lutz
Time of Contempt ,Lydia van Bredevoort
Time of Contempt ,Malvina Akerspaark
Time of Contempt ,Mansfeld
Time of Contempt ,Marder
Time of Contempt ,Margarita Laux-Antille
Time of Contempt ,Markus Braibant
Time of Contempt ,Marquard
Time of Contempt ,Marti Södergren
Time of Contempt ,Menno Coehoorn
Time of Contempt ,Meve
Time of Contempt ,Michael Glomb
Time of Contempt ,Michelet brothers
Time of Contempt ,Milan Raupenneck
Time of Contempt ,Millet
Time of Contempt ,Milva
Time of Contempt ,Mistle
Time of Contempt ,Molnar Giancardi
Time of Contempt ,Morvran Voorhis
Time of Contempt ,Nazarian
Time of Contempt ,Nenneke
Time of Contempt ,Niedamir
Time of Contempt ,Nina Akerspaark
Time of Contempt ,Nina Fioravanti
Time of Contempt ,Nitert
Time of Contempt ,Nora Wagner
Time of Contempt ,Orm Akerspaark
Time of Contempt ,Paulie Dahlberg
Time of Contempt ,Paulina Akerspaark
Time of Contempt ,Pavetta
Time of Contempt ,Pegasus
Time of Contempt ,Peter Evertsen
Time of Contempt ,Petunia Hofmeier
Time of Contempt ,Philippa Eilhart
Time of Contempt ,Pitcairn Godyvron
Time of Contempt ,Radcliffe
Time of Contempt ,Radmir
Time of Contempt ,Raffard the White
Time of Contempt ,Ralf Blunden
Time of Contempt ,Ransant Alvaro
Time of Contempt ,Rayla
Time of Contempt ,Reef
Time of Contempt ,Rejean
Time of Contempt ,Remiz
Time of Contempt ,Rience
Time of Contempt ,Rizzi Michelet
Time of Contempt ,Roach
Time of Contempt ,Roderick de Novembre
Time of Contempt ,Roegner of Ebbing
Time of Contempt ,Rudiger
Time of Contempt ,Sabrina Glevissig
Time of Contempt ,Schirrú
Time of Contempt ,Sigismund Dijkstra
Time of Contempt ,Sir Sweers
Time of Contempt ,Skomlik
Time of Contempt ,Stahler
Time of Contempt ,Stefan Skellen
Time of Contempt ,Stella Congreve
Time of Contempt ,Talbot
Time of Contempt ,Tangerinka Hofmeier
Time of Contempt ,Tissaia de Vries
Time of Contempt ,Torm Akerspaark
Time of Contempt ,Toruviel
Time of Contempt ,Toublanc Michelet
Time of Contempt ,Triss Merigold
Time of Contempt ,Two Tusks
Time of Contempt ,Valia Akerspaark
Time of Contempt ,Vattier de Rideaux
Time of Contempt ,Venzlav
Time of Contempt ,Vercta
Time of Contempt ,Vesemir
Time of Contempt ,Vilgefortz
Time of Contempt ,Villis
Time of Contempt ,Vissegerd
Time of Contempt ,Vizimir II
Time of Contempt ,Voymir (Redanian)
Time of Contempt ,Wilfli
Time of Contempt ,Willemer
Time of Contempt ,Xarthisius
Time of Contempt ,Yaevinn
Time of Contempt ,Yanna of Murivel
Time of Contempt ,Yarpen Zigrin
Time of Contempt ,Yennefer of Vengerberg
Time of Contempt ,Yiolenta Suarez
Time of Contempt ,Zyvik
